Timestamp,Signal Strength (dBm),SNR,Call Duration (s),Environment,Attenuation,Distance to Tower (km),Call Type,Incoming/Outgoing
03/01/2022 17:46,-84.1197631,25.94008183,1713.80055,urban,14.69043763,2.243176365,data,incoming
04/01/2022 17:29,-87.80613083,15.93735398,345.3718483,home,6.213698114,5.0025665,voice,incoming
05/01/2022 17:14,-116.5751756,14.70938428,259.2850435,open,4.494414966,8.705973532,voice,incoming
06/01/2022 16:02,-82.9611829,21.72716509,357.9740044,home,7.619957473,7.42702455,data,outgoing
07/01/2022 22:19,-85.01257411,26.05815843,398.0067158,urban,10.65515883,0.612070511,voice,outgoing
08/01/2022 22:31,-98.61869164,20.60673774,1795.175137,urban,5.62220178,4.702561102,data,outgoing
09/01/2022 20:39,-74.13939862,15.5331438,230.3202474,suburban,7.636230351,1.667293216,voice,outgoing
10/01/2022 22:03,-50.23533096,23.89898281,462.1125684,open,0.441028675,1.165778848,data,incoming
11/01/2022 10:15,-70.1030734,20.07036982,1697.423365,suburban,5.298498383,7.678126245,voice,outgoing
12/01/2022 13:31,-97.60056369,23.43781426,1311.066526,home,1.235894405,4.972048795,data,incoming
13/01/2022 15:20,-99.65173579,14.24407071,857.845963,open,0.757706453,9.157530851,voice,incoming
14/01/2022 19:10,-78.58596219,17.39178627,683.852621,suburban,5.586920112,7.869592628,voice,incoming
15/01/2022 9:16,-105.4742054,24.77049571,1767.798125,urban,7.515345926,5.694189798,voice,incoming
16/01/2022 23:40,-77.20348668,23.31786404,1623.783687,urban,5.943238444,7.328655657,data,incoming
17/01/2022 12:50,-87.95391151,11.22192744,20.74531516,home,3.776850554,8.155694399,voice,outgoing
18/01/2022 16:55,-82.29876478,19.01832921,1682.714312,home,1.430581907,6.051086816,data,outgoing
19/01/2022 22:10,-105.5434978,15.61590482,1225.434852,open,0.827054572,3.06940589,voice,outgoing
20/01/2022 16:09,-65.74131849,17.9516718,1468.435558,suburban,6.182044099,8.1784004,data,incoming
21/01/2022 10:22,-93.13557136,19.60571147,195.6578093,suburban,5.764449113,2.883908464,data,incoming
22/01/2022 13:27,-77.06992052,24.83016112,1724.037014,open,2.519651262,6.014914422,data,incoming
23/01/2022 21:14,-79.61500354,12.2102726,1362.300007,open,3.78758677,0.482598313,data,incoming
24/01/2022 14:07,-103.4370333,20.88623753,1710.112397,urban,7.076121129,9.794610306,voice,incoming
25/01/2022 23:41,-98.4673081,12.60994798,1522.650425,home,9.623116502,5.211485636,data,incoming
26/01/2022 12:26,-90.87582012,20.04625995,1212.130397,open,2.615959362,8.052938277,voice,outgoing
27/01/2022 18:02,-69.98998148,25.99040755,381.2258946,suburban,2.442739532,7.118560696,voice,incoming
28/01/2022 9:48,-104.2605295,26.20766531,1260.830065,suburban,4.346362573,3.932568507,voice,outgoing
29/01/2022 21:06,-75.85605804,16.63521937,1352.416575,home,8.029151158,1.640878909,data,incoming
30/01/2022 10:17,-107.0556421,29.21249558,1342.573611,urban,6.713274113,8.446574371,data,outgoing
31/01/2022 9:46,-118.2439821,28.49208688,879.0474997,open,0.347463045,9.785868635,voice,outgoing
01/02/2022 14:55,-72.44270204,13.05861522,1203.862005,suburban,7.677539185,2.180204112,data,outgoing
02/02/2022 21:00,-75.0376259,29.51516024,1219.151692,suburban,3.4103344,8.28782224,data,incoming
03/02/2022 17:50,-101.1453209,14.02888914,1100.392667,urban,5.365221853,5.23405644,data,incoming
04/02/2022 20:19,-82.24961791,22.24402245,1388.020212,open,0.953360623,2.997988072,voice,incoming
05/02/2022 11:49,-74.35762809,17.11528325,1274.602148,home,5.674504106,1.294108527,data,incoming
06/02/2022 13:17,-101.5263501,16.19675728,82.79986878,urban,10.08112638,1.17991491,data,incoming
07/02/2022 14:06,-77.37150394,19.33172518,802.242975,urban,10.80131998,9.916495945,data,outgoing
08/02/2022 18:19,-61.19838828,22.80750064,1186.678601,home,5.737541326,5.183831015,data,incoming
09/02/2022 18:39,-73.69277248,27.63613405,144.3390057,home,5.605665193,2.73269379,voice,incoming
10/02/2022 12:36,-101.1608384,25.36936945,1016.412502,urban,8.517309247,8.162018502,data,incoming
11/02/2022 20:10,-88.904164,21.722731,848.7654222,home,6.688074527,0.044317581,data,outgoing
12/02/2022 16:57,-91.09920856,22.17097699,1586.338298,suburban,3.130207151,3.095128823,voice,incoming
13/02/2022 10:06,-95.38048884,28.4560549,1736.68298,urban,14.48191673,5.187183992,data,outgoing
14/02/2022 21:28,-100.4690925,10.68383661,444.9010396,urban,14.56390636,0.870091098,data,outgoing
15/02/2022 19:28,-81.37123922,16.84800596,233.7628172,suburban,7.771899148,5.083037619,voice,incoming
16/02/2022 21:47,-88.39374508,29.32576765,1029.850345,urban,6.44571196,9.574519723,data,outgoing
17/02/2022 23:26,-86.02447007,13.72168402,669.8673537,suburban,6.487383455,9.791714168,voice,outgoing
18/02/2022 14:00,-78.15098888,19.62137464,308.5179216,urban,11.06129801,1.526207246,voice,outgoing
19/02/2022 11:12,-85.22998593,18.63274416,1681.261383,urban,6.176070541,8.467018446,voice,incoming
20/02/2022 21:56,-66.34328631,18.7495037,1228.472169,suburban,6.658832833,2.418597919,voice,incoming
21/02/2022 11:57,-76.10217419,16.75399366,990.7643925,suburban,6.773553448,3.224843161,data,outgoing
22/02/2022 13:43,-78.31107502,11.64687083,238.0099776,suburban,3.168581721,3.046275171,voice,outgoing
23/02/2022 10:09,-61.20556653,11.9730815,1355.851103,open,1.162450574,6.817464582,data,outgoing
24/02/2022 19:12,-98.42455882,24.7714156,438.6768292,suburban,3.205934018,0.926830201,voice,outgoing
25/02/2022 22:51,-102.3283031,27.26835027,1229.173545,urban,10.64694076,8.123781805,data,outgoing
26/02/2022 10:27,-59.47451787,21.86211459,17.52207821,open,0.251384043,3.513287481,voice,incoming
27/02/2022 14:36,-98.84920512,29.0091571,325.55996,home,6.8466136,5.588783506,data,outgoing
28/02/2022 14:45,-104.7761317,25.81919577,701.4510881,suburban,5.719200099,8.589909212,data,incoming
01/03/2022 16:31,-60.80616562,10.91532484,347.1685769,home,9.509996787,1.175756686,data,incoming
02/03/2022 18:03,-88.72215862,17.9538745,1776.09492,urban,9.030005546,9.595301623,data,outgoing
03/03/2022 19:23,-83.72723167,21.07856998,661.5770813,suburban,5.35080855,6.405568605,data,outgoing
04/03/2022 15:54,-62.0205042,10.82324971,707.1805573,home,7.079709015,4.655729757,voice,incoming
05/03/2022 21:44,-88.87930343,17.58120893,692.2387318,suburban,7.87056875,8.624397571,data,outgoing
06/03/2022 11:38,-69.03867508,16.58684838,1059.897919,suburban,4.623126026,4.531494189,voice,incoming
07/03/2022 10:32,-92.96402742,20.32704727,502.6969033,home,2.13553302,4.246136911,voice,incoming
08/03/2022 14:33,-100.5776189,19.54717409,535.9916431,urban,7.898650166,4.027841793,voice,incoming
09/03/2022 21:22,-99.29704167,14.37814684,685.4682573,open,0.117904033,1.980425946,data,incoming
10/03/2022 23:17,-97.26072599,11.6883322,1116.743074,suburban,3.955384952,8.43896205,voice,outgoing
11/03/2022 15:25,-93.00180868,22.0127235,1105.418463,home,3.518006304,7.827526353,data,incoming
12/03/2022 19:17,-69.38773602,23.00191406,257.133471,open,4.605707063,0.48514003,data,incoming
13/03/2022 22:04,-82.62276203,19.86686623,1142.417068,suburban,3.978463038,6.958826114,voice,incoming
14/03/2022 18:43,-91.53953879,23.82853698,940.724934,open,0.871064884,0.026374591,data,incoming
15/03/2022 11:08,-88.64095395,17.01346362,655.338548,urban,13.73557832,1.046168509,data,outgoing
16/03/2022 10:37,-92.45749868,12.67122615,892.022076,urban,11.19310242,8.837936618,data,incoming
17/03/2022 14:08,-71.92983501,21.46682308,1517.570776,home,0.070388393,7.185333718,data,outgoing
18/03/2022 9:54,-86.53983173,17.69269336,557.1763118,home,5.423128972,3.760974942,data,incoming
19/03/2022 20:52,-107.7573002,21.38041404,1763.065692,urban,10.67957395,6.081070853,data,incoming
20/03/2022 21:47,-97.61922845,19.19216626,465.3072333,home,4.43411093,4.674654526,voice,incoming
21/03/2022 11:46,-104.1384855,21.40428258,1297.604011,suburban,7.135752811,6.673711262,voice,incoming
22/03/2022 23:04,-81.37454739,19.58432838,1164.21324,home,1.74339214,8.078340299,voice,incoming
23/03/2022 9:22,-65.73358429,22.82693588,1289.076195,open,4.348578752,4.288155972,data,outgoing
24/03/2022 16:10,-81.3398539,24.59211264,337.7853641,urban,9.531211071,3.476847809,voice,incoming
25/03/2022 10:23,-82.63143613,22.51461127,285.4059359,home,0.502062152,4.807963676,data,outgoing
26/03/2022 19:45,-74.7921804,21.82001397,1610.636036,home,9.205187734,0.833339386,data,outgoing
27/03/2022 18:13,-82.60121772,11.85134495,262.6355054,open,1.673835897,3.05544066,data,outgoing
28/03/2022 13:34,-93.13390122,15.94990032,165.7109092,urban,8.326742859,6.519061927,voice,outgoing
29/03/2022 16:37,-76.37347334,21.77718752,40.09367553,open,4.44686864,5.984445841,data,outgoing
30/03/2022 12:43,-61.2253173,20.90203083,556.7830536,home,7.15636828,0.528186914,voice,outgoing
31/03/2022 11:58,-99.34162562,14.18213255,707.8186081,open,3.589069478,8.504211684,voice,outgoing
01/04/2022 9:33,-101.8154386,12.33178509,110.1571209,suburban,2.38741268,7.610941938,data,outgoing
02/04/2022 19:03,-60.5730401,21.74116935,822.9545984,home,8.025506365,2.440014738,voice,outgoing
03/04/2022 10:49,-89.36898241,25.99993551,854.2809878,home,6.673576641,7.130467005,data,outgoing
04/04/2022 18:47,-101.7384172,29.41341797,1193.305519,urban,5.333481338,5.665637887,voice,outgoing
05/04/2022 14:59,-98.87749054,28.21214229,235.8393709,home,5.47806822,0.429048293,voice,outgoing
06/04/2022 22:28,-101.6580537,25.82563212,364.1834153,suburban,2.004266469,5.576214264,voice,incoming
07/04/2022 15:49,-73.2751662,25.70085332,1554.70491,home,3.901587917,4.863201029,data,incoming
08/04/2022 22:25,-96.8278365,26.60063645,724.9500148,suburban,3.106440349,8.901231132,data,outgoing
09/04/2022 14:38,-77.52882026,24.40024167,1136.86287,urban,7.14124504,2.14836776,data,outgoing
10/04/2022 14:19,-60.73613826,14.32144958,478.2679763,open,4.672935198,1.425176078,data,incoming
11/04/2022 10:28,-98.04337847,19.3917002,1128.475908,suburban,3.600125331,3.700229494,voice,incoming
12/04/2022 12:03,-95.64511149,13.44688487,241.0887702,open,1.662776204,8.353252134,voice,incoming
13/04/2022 17:27,-84.29650984,27.07446075,362.1001927,urban,6.452742865,5.903976812,data,outgoing
14/04/2022 20:04,-64.03380479,22.90643086,1259.91005,home,0.306717414,3.620939071,data,outgoing
15/04/2022 9:17,-98.74020628,14.70037935,608.4925536,open,0.277371576,5.444583568,data,outgoing
16/04/2022 10:00,-57.99154817,13.97489993,1639.768668,open,3.122959766,6.749966569,data,incoming
17/04/2022 23:11,-76.73659286,23.14461986,919.4334142,suburban,6.750954329,8.755713858,data,incoming
18/04/2022 20:03,-69.65237665,27.34770743,1759.83457,home,6.482540665,2.954534952,data,incoming
19/04/2022 19:39,-111.5690188,16.55645523,522.4017321,open,3.13137256,0.516071805,voice,incoming
20/04/2022 18:25,-79.68016596,28.09154775,793.4989181,suburban,6.687548559,4.574777466,voice,incoming
21/04/2022 15:29,-81.44884488,12.67307675,171.4627702,urban,13.40337395,4.397578491,data,outgoing
22/04/2022 19:35,-79.99589216,13.47509069,235.9812677,suburban,3.43941303,3.645117106,voice,outgoing
23/04/2022 17:32,-78.78338338,11.65099535,198.6177167,home,6.216301929,3.469768884,voice,outgoing
24/04/2022 18:43,-97.39547905,16.91202904,385.996242,home,1.939384781,9.344055738,voice,incoming
25/04/2022 22:29,-105.7622342,15.02185815,1153.800649,urban,8.155977066,9.745104456,data,incoming
26/04/2022 9:55,-90.74282174,23.34280758,494.1241004,urban,12.67194261,1.935766734,voice,incoming
27/04/2022 17:53,-76.06952864,23.16762764,975.8359952,home,0.495003671,0.800555857,data,incoming
28/04/2022 16:56,-72.65667709,29.96321345,1137.433993,urban,9.835978504,7.742375468,data,outgoing
29/04/2022 15:28,-84.23027629,16.96964246,689.4264696,open,1.147856181,8.725389858,data,incoming
30/04/2022 19:45,-86.95392354,18.93112877,1444.956558,open,3.146960573,0.423349994,voice,incoming
01/05/2022 16:32,-60.8124417,21.23717543,540.3969999,open,1.139190596,9.978742776,voice,incoming
02/05/2022 20:30,-88.38204558,13.38695277,157.1000554,urban,6.766254548,2.707697817,data,incoming
03/05/2022 16:51,-97.71157968,16.96432377,936.2662122,open,1.491715371,7.01842141,voice,outgoing
04/05/2022 18:02,-68.1619813,11.65521357,1654.449673,home,5.923418068,8.106906752,voice,outgoing
05/05/2022 19:26,-70.47332629,27.13190866,360.0775734,urban,5.669865413,8.191236035,data,incoming
06/05/2022 18:44,-81.20206985,26.70128689,1655.216812,open,3.633464395,4.778108941,voice,outgoing
07/05/2022 20:34,-66.71057727,28.4120574,949.123833,suburban,7.267836174,5.045920045,data,incoming
08/05/2022 13:57,-75.5377333,27.7328654,199.3226992,home,9.955632269,4.30575839,data,incoming
09/05/2022 22:10,-93.6592221,18.32076684,565.7387363,suburban,4.962832511,0.752881378,data,incoming
10/05/2022 22:38,-66.37756197,11.73430703,569.6437858,open,1.262500571,1.513172183,voice,outgoing
11/05/2022 19:40,-115.2590443,18.88496359,1406.433208,open,4.305183983,9.605760051,data,outgoing
12/05/2022 23:00,-69.46550167,12.3302098,395.41532,suburban,7.065991871,5.084549035,data,outgoing
13/05/2022 19:16,-75.01558487,12.71341549,1617.823049,urban,6.128311657,9.150034146,voice,incoming
14/05/2022 14:17,-76.88160435,28.30605405,1558.656032,suburban,3.062224056,0.130565954,voice,incoming
15/05/2022 16:44,-97.97445887,27.08282188,1732.067768,open,2.965235054,3.121938027,voice,incoming
16/05/2022 10:37,-97.18774019,18.97105473,221.7966984,urban,13.64079505,7.639943649,voice,incoming
17/05/2022 20:45,-98.80624611,11.08907113,690.5192855,urban,11.53457019,9.869545953,voice,incoming
18/05/2022 16:57,-108.9544013,22.06184731,201.0448182,urban,13.61690315,7.469346055,data,incoming
19/05/2022 23:23,-87.25170385,20.67511319,1715.322783,urban,12.4047083,7.812052071,voice,incoming
20/05/2022 19:48,-81.52732924,27.25012834,1633.67795,home,7.904495908,5.479388142,data,incoming
21/05/2022 9:15,-90.1791479,13.57431025,1697.979539,urban,13.46924978,8.669606,voice,incoming
22/05/2022 15:42,-100.4558258,13.8999588,1435.555062,suburban,7.24844037,7.151927709,voice,outgoing
23/05/2022 20:18,-50.9337543,22.77754835,360.218316,open,3.720427667,3.462686264,voice,incoming
24/05/2022 13:37,-74.34120379,15.16556387,1792.257686,open,2.204060221,9.318956868,data,incoming
25/05/2022 18:46,-74.13039017,21.03295571,1533.542332,home,7.331055582,8.521278384,data,outgoing
26/05/2022 17:40,-90.04954695,21.83069914,165.95351,suburban,6.88626056,1.368024686,voice,outgoing
27/05/2022 19:05,-75.5064639,28.20097018,1639.983681,urban,7.558397378,0.701950524,data,outgoing
28/05/2022 21:19,-83.56263178,26.34258514,926.5412444,home,9.984866426,0.670548082,data,outgoing
29/05/2022 23:08,-64.82829278,11.67581472,400.4795778,open,1.621028422,0.214151275,voice,incoming
30/05/2022 23:10,-73.03805236,21.00735314,1459.955373,home,8.928051038,5.158603338,data,incoming
31/05/2022 23:34,-90.1133173,21.24147986,928.6279676,suburban,2.51442954,7.533771131,data,outgoing
01/06/2022 10:51,-91.62268866,15.31713845,1787.067972,suburban,6.672030416,2.92342766,data,outgoing
02/06/2022 10:00,-74.50245908,26.87310871,787.1409963,home,6.260734854,0.404121584,voice,incoming
03/06/2022 14:09,-63.69718882,13.36240292,1022.973853,home,0.898070588,7.847777451,voice,incoming
04/06/2022 10:58,-70.7717977,12.69320604,1534.844026,home,7.360354611,4.652416919,data,outgoing
05/06/2022 14:04,-86.18588951,17.37219397,1499.441083,home,8.821814727,3.909720828,voice,outgoing
06/06/2022 16:13,-89.73438196,10.98148658,972.0957219,urban,13.01209083,3.175432659,data,incoming
07/06/2022 11:16,-85.26538811,23.13246889,957.0676756,home,9.209446743,1.114773807,voice,outgoing
08/06/2022 18:56,-64.86466694,21.87837292,1492.963807,open,2.26688982,8.596530932,data,incoming
09/06/2022 10:33,-92.31069011,27.59748726,1056.908106,suburban,7.470189781,8.787166403,voice,incoming
10/06/2022 15:13,-76.88270341,27.80497106,369.6382466,home,3.293392026,9.67301948,data,outgoing
11/06/2022 23:39,-103.1232272,17.33199577,47.51958118,urban,9.079620357,0.120768366,voice,outgoing
12/06/2022 10:05,-87.33928525,12.08715748,1738.380128,open,3.777709696,0.703876904,voice,incoming
13/06/2022 20:13,-101.002101,27.70276379,1625.436914,suburban,3.229290141,8.950917132,voice,outgoing
14/06/2022 11:36,-83.02304709,21.00008499,559.3409403,urban,12.50461269,7.268370143,data,outgoing
15/06/2022 18:37,-95.48883435,22.87342941,1016.570854,home,5.944121108,4.824501363,voice,incoming
16/06/2022 21:22,-102.9320042,27.51338873,231.7776661,suburban,5.779057979,4.542857763,data,incoming
17/06/2022 11:42,-82.71881047,10.29691075,1117.031857,suburban,6.258502651,4.362613702,data,incoming
18/06/2022 14:24,-95.22927875,24.16119316,1424.990173,home,5.962228951,4.049953857,voice,incoming
19/06/2022 17:46,-82.00576549,19.64967464,418.2673958,home,2.458610218,7.013327835,voice,incoming
20/06/2022 22:37,-107.4574089,11.35430191,176.8800238,open,2.098676939,3.326426685,data,incoming
21/06/2022 17:12,-92.63287329,17.64234525,1500.458016,urban,11.04574412,7.240296888,voice,outgoing
22/06/2022 20:40,-74.73926818,18.33632208,1585.628234,home,9.973612135,5.692739214,voice,outgoing
23/06/2022 12:49,-92.73100005,13.79357982,172.8872753,suburban,7.07374884,6.022468334,voice,outgoing
24/06/2022 15:13,-88.82249634,23.22883144,1633.928774,suburban,5.997567312,8.921705053,data,incoming
25/06/2022 20:45,-78.11860534,13.88696056,370.8930542,open,2.446155989,2.037063281,data,incoming
26/06/2022 14:31,-77.91261035,14.80592855,580.5495417,open,0.6926599,6.212882841,voice,incoming
27/06/2022 21:16,-100.3214393,24.09138982,710.8625699,urban,14.85373668,5.336569997,data,incoming
28/06/2022 11:57,-70.5482247,13.31853396,924.9633198,suburban,3.193840113,1.414594138,data,incoming
29/06/2022 14:25,-90.77566857,11.83870333,1044.114421,suburban,2.748805607,9.38258408,data,outgoing
30/06/2022 15:21,-69.55083124,17.94858663,1400.629638,open,1.822766042,8.812167178,data,outgoing
01/07/2022 10:39,-112.2603338,18.39157686,58.14800963,open,2.302857382,2.694367656,voice,incoming
02/07/2022 11:32,-63.07402237,20.47723882,918.4466864,home,9.528915938,0.593415477,voice,incoming
03/07/2022 14:37,-87.50678182,20.83630616,1417.372128,urban,6.494701246,1.838340544,voice,incoming
04/07/2022 15:33,-79.16485876,25.83842051,920.1321485,urban,8.676516608,9.592617646,voice,incoming
05/07/2022 18:17,-64.7996532,14.57468265,1081.466271,home,8.780109212,7.273194698,data,outgoing
06/07/2022 13:05,-69.80532743,23.76578052,1716.697152,home,8.319667368,9.516589781,data,outgoing
07/07/2022 15:37,-105.4334702,26.1903263,1363.209216,open,4.49552001,8.012948347,voice,outgoing
08/07/2022 22:23,-104.9238502,14.28391047,315.768665,suburban,4.724152827,5.957713107,voice,outgoing
09/07/2022 14:19,-89.97407264,14.33173505,77.85418039,urban,14.21878554,1.020312859,voice,incoming
10/07/2022 13:53,-80.83713186,20.74982849,933.3333621,urban,12.06040532,1.244671764,voice,outgoing
11/07/2022 14:23,-76.56088067,25.32059292,1007.633005,open,3.121300707,0.625840349,data,incoming
12/07/2022 9:37,-82.63917528,11.20992186,1770.086274,suburban,5.254656528,9.929279969,voice,outgoing
13/07/2022 18:29,-111.4033566,15.53271694,773.1228067,open,0.41627629,1.395226201,data,incoming
14/07/2022 21:45,-82.55775785,27.99341934,1459.112712,suburban,2.31087057,8.181234473,data,incoming
15/07/2022 11:50,-66.43474806,14.69563496,809.4299717,open,3.384749728,9.654807335,voice,outgoing
16/07/2022 9:14,-86.53859721,19.29649267,1632.265576,home,1.304728564,7.042831675,voice,incoming
17/07/2022 16:06,-75.01241958,29.40567913,1767.724734,home,0.55047565,1.739260983,voice,incoming
18/07/2022 15:59,-75.37228051,21.33051852,372.1621913,urban,7.941324898,2.141995611,data,incoming
19/07/2022 13:38,-66.30505015,11.40228889,1460.359573,open,4.542551559,4.240618152,data,outgoing
20/07/2022 9:18,-116.2492355,10.51171206,629.8541708,open,3.311047039,1.475848823,voice,incoming
21/07/2022 12:13,-95.8064169,17.81960336,1557.361562,suburban,5.688841486,2.526475659,voice,outgoing
22/07/2022 12:06,-76.48317033,17.21118629,598.6958511,open,2.478849205,1.576844731,voice,incoming
23/07/2022 18:42,-72.14648706,12.08297127,1144.831783,home,5.696442999,5.205083029,voice,incoming
24/07/2022 20:40,-92.90511431,22.76586097,1344.11086,suburban,5.386718071,9.186477417,voice,incoming
25/07/2022 23:05,-87.86635642,11.06289372,649.8133458,open,4.744233424,8.159400009,data,incoming
26/07/2022 13:39,-101.079217,17.88341092,1581.486159,urban,10.5063947,2.620085764,data,incoming
27/07/2022 12:28,-78.47897938,13.2909312,759.0923339,suburban,3.974016041,8.126929728,data,incoming
28/07/2022 9:37,-84.40331505,21.3838659,249.8271499,home,3.354999965,5.29241653,data,outgoing
29/07/2022 12:33,-104.1573701,21.39974061,1566.823705,urban,10.24115642,3.509146284,data,outgoing
30/07/2022 9:26,-85.55864213,14.36931172,818.9787741,home,6.955263641,4.822431928,data,incoming
31/07/2022 22:25,-106.5374528,23.88303434,1387.190226,urban,5.508353286,0.8300857,voice,outgoing
01/08/2022 19:01,-95.92937161,13.27193918,233.007992,urban,5.75214592,6.437666986,data,outgoing
02/08/2022 15:44,-79.24996715,14.58470006,1101.816532,suburban,4.26817353,8.214768623,voice,outgoing
03/08/2022 18:29,-81.72528755,25.55809306,115.7454659,open,1.583339132,6.24128477,voice,outgoing
04/08/2022 21:33,-68.58358643,26.75649287,1757.57693,home,8.127687939,1.698138796,voice,incoming
05/08/2022 21:45,-74.01277987,26.56325258,1258.852242,home,4.626170998,3.331106208,voice,outgoing
06/08/2022 14:09,-79.02385991,19.39478092,1208.507221,home,7.928850902,2.915890179,voice,outgoing
07/08/2022 19:30,-107.3113112,11.48345736,303.110973,urban,8.489597831,9.457663692,voice,outgoing
08/08/2022 18:54,-90.5622196,17.96854396,53.93874312,urban,6.969977491,6.814973302,data,outgoing
09/08/2022 9:29,-64.00982811,19.92296489,1025.118519,open,2.591086871,7.763335422,data,incoming
10/08/2022 20:46,-80.99582809,16.25630671,55.89383532,home,1.796457722,7.45444501,voice,outgoing
11/08/2022 23:23,-81.56832451,12.06393725,569.9423712,suburban,5.289343091,3.765716572,data,incoming
12/08/2022 12:27,-93.75182462,14.67409298,25.85117156,open,1.607214639,0.534864851,voice,incoming
13/08/2022 14:43,-90.74506056,23.77747453,1090.853033,open,0.352763013,6.016210604,voice,incoming
14/08/2022 15:35,-80.81755177,16.8477262,1411.12998,urban,6.04277069,3.14956813,voice,outgoing
15/08/2022 18:26,-58.69605047,18.50464588,418.7312098,open,2.700075442,8.910787971,data,outgoing
16/08/2022 15:47,-82.06004121,15.35897776,334.5632829,open,0.992017619,0.242291966,voice,outgoing
17/08/2022 20:33,-73.96496984,17.58115767,11.52090361,open,0.362559995,6.726174476,voice,outgoing
18/08/2022 11:57,-85.56423008,15.43316328,1129.145031,urban,6.048844451,6.475987918,data,outgoing
19/08/2022 12:10,-60.43936401,12.10277514,1272.937866,home,6.717000977,9.601418914,data,incoming
20/08/2022 13:49,-65.04983017,27.47688815,1592.329563,suburban,6.176413468,5.608204972,data,incoming
21/08/2022 19:26,-70.82607148,15.81817495,384.9678282,suburban,4.336297413,8.020144332,data,incoming
22/08/2022 12:05,-84.21763288,21.24955217,889.0986643,home,5.077168951,5.207439514,data,outgoing
23/08/2022 21:21,-81.84437091,13.86764065,188.0256552,home,1.950175153,8.608112461,voice,outgoing
24/08/2022 18:17,-101.9804525,19.0034841,265.1133387,urban,9.930866065,4.655619706,data,incoming
25/08/2022 10:26,-113.1735516,24.70531118,1479.914736,open,0.340996714,8.039306621,data,outgoing
26/08/2022 20:09,-53.45484803,23.42324862,1151.821354,open,2.167379507,9.030613126,data,incoming
27/08/2022 23:32,-96.92116754,18.30482282,447.3878235,suburban,6.741978101,3.90007359,data,outgoing
28/08/2022 14:14,-75.03189286,24.74416111,1615.490913,open,1.906497561,1.015723915,voice,outgoing
29/08/2022 13:23,-51.96755394,16.91517259,1013.283515,open,2.606423687,6.973527284,data,incoming
30/08/2022 14:26,-91.84574392,20.54064329,115.8579189,open,2.810747436,2.372858035,data,outgoing
31/08/2022 10:32,-98.22994572,14.0839173,484.0511997,open,3.835179023,2.466334748,data,outgoing
01/09/2022 12:27,-97.37602043,18.31159569,1398.530295,urban,5.144741524,2.014219478,data,incoming
02/09/2022 12:31,-86.45365749,10.49499043,695.3596467,urban,13.32854341,9.614238497,voice,incoming
03/09/2022 10:07,-85.13610474,13.4135778,978.849877,urban,5.573076427,7.932575314,data,incoming
04/09/2022 18:39,-98.39753563,28.51091623,433.2522019,suburban,2.880221159,3.464091775,data,incoming
05/09/2022 23:30,-73.19970964,28.567207,56.0678449,home,1.167813999,4.049171288,data,incoming
06/09/2022 19:30,-94.15625263,16.71730246,1018.509375,suburban,6.222482198,8.688332505,voice,incoming
07/09/2022 22:30,-75.52828053,16.09152862,1692.646798,urban,7.834900975,5.453067703,data,incoming
08/09/2022 19:12,-92.04371273,21.85294461,1063.976956,suburban,4.348428364,2.828868182,data,outgoing
09/09/2022 21:45,-71.31014355,28.61706379,1266.251612,suburban,3.570452258,2.709503788,voice,incoming
10/09/2022 21:26,-72.89683752,12.03215423,940.5222439,open,1.457087634,5.862514352,data,incoming
11/09/2022 18:50,-76.55893037,29.63448628,968.7499865,open,2.377030647,4.410753567,voice,outgoing
12/09/2022 9:51,-93.57683696,17.14912055,931.0579212,suburban,3.168380192,1.612950628,data,incoming
13/09/2022 23:32,-76.22794275,12.51825649,1415.010012,open,2.089266058,0.410524161,data,incoming
14/09/2022 18:07,-74.2262897,23.32265957,1731.773753,home,3.343216144,9.769136607,voice,outgoing
15/09/2022 22:32,-73.87050734,16.85546488,903.9300548,urban,5.516217301,2.471122916,data,outgoing
16/09/2022 21:26,-92.56185369,24.28831327,1104.95007,urban,14.85027678,2.693255611,data,incoming
17/09/2022 13:28,-68.62307626,26.06728764,231.5352927,open,1.345307996,2.584051577,data,outgoing
18/09/2022 14:20,-88.64124467,27.92175515,1207.23705,urban,5.38088073,9.001504757,voice,incoming
19/09/2022 23:26,-60.5074732,10.76998137,61.7218455,home,0.766455337,5.201327288,voice,outgoing
20/09/2022 21:21,-78.2609057,19.11796163,1450.780975,urban,11.3333403,3.625231986,voice,outgoing
21/09/2022 15:30,-93.53454876,18.28905892,383.69425,home,3.791938943,7.317134684,voice,incoming
22/09/2022 12:39,-80.90450516,14.12597734,1506.496952,urban,13.54774707,6.890400602,data,incoming
23/09/2022 11:42,-81.94406558,23.87499873,939.6279602,suburban,5.623944365,3.757735459,voice,incoming
24/09/2022 9:57,-87.303431,27.15724514,236.2843645,home,5.767102863,4.872324759,data,outgoing
25/09/2022 16:54,-80.45626141,24.57006033,664.5286258,open,1.466484028,2.685498498,data,incoming
26/09/2022 20:39,-93.55133754,26.2168941,1707.27658,home,6.888980867,1.309503436,voice,incoming
27/09/2022 11:09,-95.31718903,21.04361016,233.5741853,open,2.826046986,8.971003411,voice,incoming
28/09/2022 14:01,-76.51379919,28.57476405,387.2955896,suburban,4.951589273,0.73583009,data,incoming
29/09/2022 9:23,-73.13596848,16.63182538,323.2107967,open,3.886942923,9.363163933,data,incoming
30/09/2022 13:22,-77.13230327,26.49928596,390.4713979,home,2.87004502,3.942289254,voice,outgoing
01/10/2022 18:21,-71.6740966,26.15524089,1241.445918,open,4.74854508,0.058019199,data,incoming
02/10/2022 9:33,-69.02418833,27.04158071,637.6379528,open,0.323523745,3.490416869,data,outgoing
03/10/2022 12:03,-94.20464755,21.3724393,557.0119954,open,0.487549339,1.415016188,data,outgoing
04/10/2022 23:36,-50.51092923,12.44090301,289.561117,open,1.423904993,3.112692314,voice,incoming
05/10/2022 16:10,-91.20281407,19.3517064,1370.614663,suburban,2.762504057,9.373980253,data,outgoing
06/10/2022 12:01,-75.47534341,28.95766573,1156.387671,urban,9.510351039,7.563137469,voice,incoming
07/10/2022 17:54,-88.44280621,29.81394508,972.7597551,suburban,4.820846677,9.022393727,data,outgoing
08/10/2022 22:04,-112.6887307,16.61714405,1221.25285,open,1.80473256,6.230003452,data,incoming
09/10/2022 19:36,-53.639041,20.40757138,1295.820618,open,1.360984942,0.138415451,data,outgoing
10/10/2022 22:21,-85.82626089,19.74951733,629.26777,urban,9.780823964,8.403508331,data,outgoing
11/10/2022 21:00,-78.90815857,13.57301817,1553.643973,suburban,4.494373856,1.046497328,voice,outgoing
12/10/2022 13:27,-94.37257881,17.71200851,875.6065645,open,1.951572644,9.781066116,data,outgoing
13/10/2022 11:45,-93.68348625,14.65283948,1160.804527,home,8.94761821,3.502918794,voice,outgoing
14/10/2022 15:16,-68.80228859,15.0136103,714.7323854,open,0.464496707,0.249954365,data,incoming
15/10/2022 11:46,-98.66493805,13.73697143,1236.330486,open,3.482536526,5.501028095,data,incoming
16/10/2022 17:19,-97.15111443,16.31738933,329.487097,suburban,4.610331335,9.520169177,voice,incoming
17/10/2022 21:01,-64.42817937,10.27141072,1517.649792,home,9.284563256,1.496308368,voice,outgoing
18/10/2022 17:33,-92.77047566,18.47287957,1584.600408,open,4.662059068,4.372393495,voice,outgoing
19/10/2022 16:05,-95.0628422,12.98781301,176.7623335,suburban,4.628205746,7.923148017,data,outgoing
20/10/2022 11:24,-76.57361798,24.38029392,517.3304029,urban,14.17424778,6.979517296,data,incoming
21/10/2022 22:08,-99.74554077,21.59227487,1760.096661,open,4.360292045,5.858618725,voice,incoming
22/10/2022 21:37,-109.9307266,11.92078744,430.980431,open,4.089373066,0.336607454,data,outgoing
23/10/2022 9:16,-96.47934349,19.81866883,71.18238644,urban,11.31723139,6.783715813,data,incoming
24/10/2022 18:22,-71.87874255,10.52303643,325.8570606,home,4.437815256,2.604598711,data,incoming
25/10/2022 21:18,-117.5197594,18.52649213,1113.17454,open,3.968259026,9.000837681,voice,incoming
26/10/2022 23:27,-79.06877566,13.59856285,738.9902225,suburban,4.357494869,5.832494726,data,outgoing
27/10/2022 18:36,-95.72866074,20.21184121,345.2201745,open,4.520253796,4.887555251,voice,incoming
28/10/2022 23:00,-68.15993873,19.58754154,1261.272143,suburban,3.309394417,7.512339691,voice,outgoing
29/10/2022 20:34,-64.48288606,28.80318765,1006.822076,home,6.480553517,4.720386877,data,outgoing
30/10/2022 16:27,-74.0908037,14.54255685,454.5264103,open,1.894377747,5.858987818,voice,incoming
31/10/2022 23:27,-106.8888959,21.66934494,261.3467507,open,0.192566041,0.979604286,voice,outgoing
01/11/2022 14:54,-79.41827118,18.90305309,994.7383637,open,3.638675241,7.494869043,voice,outgoing
02/11/2022 18:51,-95.94366694,26.43734074,746.7321051,home,5.278189326,1.210209637,voice,incoming
03/11/2022 21:00,-89.67971299,10.36711995,1379.450194,suburban,7.991274439,9.464761254,voice,incoming
04/11/2022 17:48,-74.78070657,21.2998577,1766.843375,suburban,2.098645202,4.58950969,data,outgoing
05/11/2022 20:23,-102.3233808,20.10061385,996.7333449,suburban,2.976733717,5.63016973,voice,outgoing
06/11/2022 11:10,-104.0702027,28.68642574,189.6668301,open,3.835839405,5.183288669,voice,incoming
07/11/2022 14:45,-101.3796108,15.01196308,485.9493584,urban,8.313069318,4.909114223,voice,outgoing
08/11/2022 19:03,-93.45358012,29.44835039,898.041152,suburban,2.807917258,7.443021343,voice,outgoing
09/11/2022 15:55,-91.89259847,23.94337329,48.17761821,urban,13.90945848,4.712678484,data,outgoing
10/11/2022 12:47,-98.46817076,25.39023377,1696.206198,home,7.648126361,9.981805583,voice,incoming
11/11/2022 10:22,-62.91089934,25.43686864,1347.818219,home,7.690255254,2.906611187,data,outgoing
12/11/2022 22:57,-79.58538901,23.1423088,844.9178406,home,8.801408111,1.939406708,data,incoming
13/11/2022 11:06,-67.63624392,27.8895489,1012.002621,open,3.970920068,2.244039092,data,outgoing
14/11/2022 15:02,-67.72727421,15.53825185,704.251865,home,1.70887136,0.340806245,voice,incoming
15/11/2022 17:33,-93.2767831,24.85777995,1698.237248,suburban,4.216177179,9.283712457,voice,incoming
16/11/2022 21:26,-95.99361617,23.97402105,1026.364161,suburban,4.277515698,5.783436449,voice,outgoing
17/11/2022 13:10,-98.56690112,23.39522787,772.0277183,suburban,3.994669378,5.477682186,data,outgoing
18/11/2022 20:37,-107.863245,17.79696427,138.7468606,urban,11.6893468,7.698401853,data,outgoing
19/11/2022 10:17,-98.93551985,20.28699988,298.8845009,urban,11.28361671,8.218085839,data,outgoing
20/11/2022 20:42,-74.90723197,29.04161885,1005.226756,suburban,3.440651281,7.104850284,data,outgoing
21/11/2022 12:39,-90.79759441,17.11367215,1159.764498,open,0.798454909,8.179961302,voice,outgoing
22/11/2022 9:53,-72.21230384,19.07216034,455.0941314,suburban,7.956866728,1.413820505,voice,outgoing
23/11/2022 12:56,-68.63406491,12.522154,525.1993093,home,0.963238526,7.547049893,voice,outgoing
24/11/2022 18:36,-80.39036731,11.69168381,183.2423234,home,8.59509788,0.187207743,voice,incoming
25/11/2022 11:13,-76.73321228,26.25840641,568.3554028,open,0.163901035,3.497260824,data,outgoing
26/11/2022 18:45,-75.20313007,15.26098205,306.5259016,home,2.095554733,1.886204795,data,incoming
27/11/2022 23:19,-99.81143567,12.25516129,550.1994229,home,6.780687033,1.299177365,voice,outgoing
28/11/2022 23:02,-67.82752249,18.37728858,558.6801043,open,4.032763947,0.194868822,data,outgoing
29/11/2022 11:54,-108.6660477,11.32866869,1545.620533,urban,9.736856367,0.18326671,data,outgoing
30/11/2022 11:45,-83.75979378,22.52756325,1047.527454,urban,14.6997341,2.382143984,voice,incoming
01/12/2022 19:40,-115.0756749,14.28670532,835.1612681,open,0.186903898,5.310981865,voice,outgoing
02/12/2022 12:42,-104.9387162,13.23963965,963.8899457,urban,12.35997607,5.558400493,voice,outgoing
03/12/2022 16:13,-71.98146693,11.5015976,1721.238699,home,1.177398098,8.419652982,data,incoming
04/12/2022 16:40,-78.94411468,14.50004403,252.416595,suburban,6.084629603,9.112786713,voice,incoming
05/12/2022 10:47,-91.89637613,19.74448744,1447.57339,home,5.406019333,4.339957954,voice,outgoing
06/12/2022 15:06,-82.45169144,14.78613076,1074.917032,urban,10.50144529,8.860903749,data,incoming
07/12/2022 18:55,-99.38051779,27.21580088,620.9478714,urban,14.93979335,2.885595231,voice,outgoing
08/12/2022 17:49,-74.21120778,29.87292554,698.0030477,suburban,5.10822949,3.539831371,voice,outgoing
09/12/2022 13:15,-64.62157572,27.81207125,667.9251963,open,4.669814205,8.379269019,data,incoming
10/12/2022 16:49,-103.6648147,26.22218731,515.9295435,open,1.383589268,8.854169907,data,outgoing
11/12/2022 19:26,-87.36512186,11.31632295,991.1577791,suburban,2.172475202,1.487480963,voice,incoming
12/12/2022 15:34,-84.32062042,11.30159506,357.7377277,open,0.766244106,2.67300474,voice,incoming
13/12/2022 11:19,-88.77760528,26.06699581,1102.837907,suburban,4.299357639,6.951399931,data,incoming
14/12/2022 12:23,-96.73543193,19.5304014,1198.416593,suburban,3.746626813,9.525654352,data,outgoing
15/12/2022 18:16,-72.65343834,20.47234015,429.8595573,urban,10.82935547,0.352069236,data,incoming
16/12/2022 22:47,-118.6813177,15.30565339,1621.479085,open,3.78369273,1.665327124,voice,outgoing
17/12/2022 19:27,-89.73251746,19.14235356,501.9675744,open,4.891772107,8.416925077,voice,incoming
18/12/2022 20:57,-50.66441336,27.91099577,1068.892055,open,3.617231329,6.173050938,data,outgoing
19/12/2022 14:21,-84.18996105,17.73635196,831.2208518,open,3.592344736,2.9849053,voice,outgoing
20/12/2022 11:25,-79.91911242,13.64624063,201.7562508,open,1.06293827,9.584577581,voice,incoming
21/12/2022 17:44,-71.52287408,24.39317946,1480.309013,urban,8.541695368,4.562054892,data,incoming
22/12/2022 14:18,-104.5187732,13.84317133,772.4123308,open,4.584413278,6.297656651,voice,outgoing
23/12/2022 19:16,-69.2902743,15.41240625,1696.59636,open,4.727830637,5.278580773,voice,incoming
24/12/2022 22:55,-105.5341181,26.86406727,1059.410119,urban,6.65594327,9.527614684,voice,outgoing
25/12/2022 13:49,-64.80997207,16.75078011,554.1500322,home,4.833666799,7.81187329,voice,incoming
26/12/2022 10:22,-57.15593408,13.95988545,1474.727047,open,2.93377807,2.059567865,voice,incoming
27/12/2022 21:21,-61.46130683,25.83644424,324.4336421,home,1.942690931,2.600165641,data,outgoing
28/12/2022 10:50,-99.14221195,29.47881586,495.0534769,suburban,5.5228635,9.335378164,data,outgoing
29/12/2022 11:27,-84.15888849,27.51447226,749.8924624,open,2.051314144,1.358055707,data,outgoing
30/12/2022 23:13,-76.35487477,16.25485826,845.847963,urban,8.673493008,9.576039659,data,outgoing
31/12/2022 22:38,-72.25322598,28.00097976,693.7263218,urban,6.342397135,5.988270694,voice,outgoing
01/01/2022 19:32,-75.20527046,29.96182687,1041.902075,open,4.30046507,1.584553487,data,incoming
02/01/2022 16:18,-65.70017362,27.85789634,1274.655495,open,4.768066602,0.686506337,data,incoming
03/01/2022 16:25,-105.7438581,12.20288783,871.0282733,open,4.216903223,2.64521334,voice,outgoing
04/01/2022 16:56,-83.81158454,18.32876669,910.5098835,suburban,4.971138874,0.071111675,data,incoming
05/01/2022 16:21,-88.14340881,15.78043679,1487.773775,urban,7.386461676,2.451068394,data,incoming
06/01/2022 15:20,-97.87009981,23.8112941,604.2929801,home,1.942630669,7.137986805,data,incoming
07/01/2022 22:21,-83.75321752,16.08238571,168.0339069,open,4.515301361,3.565508525,data,outgoing
08/01/2022 23:34,-95.54726591,28.15703806,1439.792096,open,1.976924538,2.647030916,voice,incoming
09/01/2022 16:00,-94.89142092,18.40858863,1674.714691,home,5.541940559,7.517094739,data,outgoing
10/01/2022 22:45,-80.30278462,20.6863021,78.33964876,home,8.643718455,7.97413956,voice,outgoing
11/01/2022 15:27,-109.1774484,14.10944019,1055.383365,urban,9.771068086,5.947319073,voice,incoming
12/01/2022 11:28,-79.74376059,28.22316155,120.4529529,urban,13.12216078,8.13729618,data,outgoing
13/01/2022 14:37,-59.43519005,14.29701137,1763.503531,open,2.819390888,2.389673522,data,outgoing
14/01/2022 15:46,-77.91857596,12.78855838,669.6621648,urban,6.986524639,9.134398542,data,outgoing
15/01/2022 23:18,-69.41218528,15.5067971,792.2498626,home,7.114139409,6.709415336,voice,incoming
16/01/2022 10:45,-94.90483602,18.1895327,554.1554899,suburban,3.033986833,0.828834928,voice,incoming
17/01/2022 17:05,-74.85723426,23.85629032,192.9247102,urban,11.98094928,9.818436929,data,outgoing
18/01/2022 13:05,-86.6287692,20.30961277,580.7036816,suburban,2.367349913,6.483357873,data,outgoing
19/01/2022 16:22,-103.1865436,29.19217121,734.8312096,suburban,2.035320175,2.969461932,data,incoming
20/01/2022 22:48,-73.13230425,13.80102859,1684.133655,open,1.633562764,4.703784615,data,outgoing
21/01/2022 9:35,-68.21908366,23.08258805,890.3874136,open,4.990363058,2.053232112,voice,outgoing
22/01/2022 19:03,-86.29585425,16.17797585,433.1241663,home,2.932934706,6.393842803,data,incoming
23/01/2022 17:32,-90.5356549,21.87669329,30.67130463,suburban,7.753769831,5.332223216,data,outgoing
24/01/2022 18:51,-105.2833872,25.64344543,923.7771644,urban,11.66458054,8.701291837,voice,outgoing
25/01/2022 17:38,-66.73455135,25.95557621,156.0950279,suburban,4.051596287,6.555179465,voice,incoming
26/01/2022 9:29,-83.96451161,13.81243175,1408.026158,suburban,4.304951669,7.655742231,data,outgoing
27/01/2022 11:11,-81.2633503,22.43588979,826.6209687,urban,9.625743966,0.633145258,data,outgoing
28/01/2022 18:55,-81.60168655,18.28938448,456.3696584,home,0.454240791,3.262422055,voice,incoming
29/01/2022 18:30,-72.55489186,20.25676054,1676.518912,open,1.773164597,4.80223057,voice,outgoing
30/01/2022 9:36,-98.02935785,20.85855207,1201.085569,suburban,2.708971877,5.035257576,voice,incoming
31/01/2022 19:53,-68.66593244,27.15580074,94.29334844,suburban,6.224149982,5.142789343,voice,incoming
01/02/2022 17:22,-80.9734461,25.87657178,1035.702965,open,1.844691493,5.645063659,data,incoming
02/02/2022 11:30,-89.72019149,28.59965806,1612.984052,home,5.95477106,2.016900733,data,incoming
03/02/2022 15:26,-63.49240392,15.87727782,474.8948614,open,0.042254875,5.786049766,voice,outgoing
04/02/2022 13:58,-93.45563783,18.1011973,65.28465119,suburban,6.997158619,5.407947971,data,incoming
05/02/2022 22:04,-67.21978662,13.08420564,1559.382836,open,0.66398592,8.405077742,data,outgoing
06/02/2022 23:12,-76.72992337,25.51047083,785.5987059,home,4.628219735,5.421989071,data,outgoing
07/02/2022 10:33,-71.50754528,17.54636206,1741.753564,suburban,2.699920652,2.483988218,voice,incoming
08/02/2022 15:25,-89.57279274,19.01028666,920.8834011,home,8.705630759,3.670175282,voice,outgoing
09/02/2022 18:29,-75.01889556,28.7631117,1783.161194,suburban,7.576994141,6.602408317,voice,incoming
10/02/2022 12:40,-99.47340836,13.84059678,463.4075062,urban,7.287092594,4.688582695,voice,incoming
11/02/2022 18:04,-85.17132689,23.13139375,1535.958533,urban,13.05801084,9.01531366,voice,incoming
12/02/2022 19:57,-71.25672025,20.67231407,388.2061211,home,1.13963105,7.455336868,data,incoming
13/02/2022 18:17,-99.50530176,29.0121588,1541.913419,home,2.953249396,9.727757378,data,incoming
14/02/2022 16:30,-94.30433254,21.02213929,1402.197764,urban,10.54885356,7.450210075,data,outgoing
15/02/2022 17:02,-100.6655245,21.98950285,1738.538212,suburban,3.824417162,1.164533189,data,outgoing
16/02/2022 11:03,-68.34534898,11.9541655,435.7242003,suburban,7.760776027,3.308288369,data,outgoing
17/02/2022 19:26,-95.13253722,15.67171661,1511.566412,urban,10.11721001,1.514381586,voice,outgoing
18/02/2022 14:27,-84.95622965,29.56635939,1396.951303,suburban,7.766807317,6.063202646,data,incoming
19/02/2022 9:50,-82.55202458,23.02090863,438.2234358,home,3.322724551,1.097796096,data,incoming
20/02/2022 14:30,-106.133143,24.10644038,1677.359007,urban,9.640625319,6.42695534,voice,incoming
21/02/2022 14:28,-79.7297174,26.43639364,670.2612344,urban,12.30507092,9.25744611,data,outgoing
22/02/2022 20:09,-99.26301993,12.73714236,742.5361191,suburban,6.049581379,4.840912474,data,outgoing
23/02/2022 11:12,-98.00005857,27.62050679,1050.178767,open,0.516997955,3.061748617,data,outgoing
24/02/2022 10:16,-65.14490306,14.12501532,250.3796653,open,3.671088207,0.990608062,voice,outgoing
25/02/2022 12:33,-98.78274411,21.07070272,517.6621101,open,0.127614289,3.434323121,data,outgoing
26/02/2022 13:39,-73.82292016,17.39204841,366.9497595,suburban,5.926648487,4.577006008,data,incoming
27/02/2022 12:53,-92.10159651,10.53833956,139.6732894,home,7.460300193,6.639247131,voice,incoming
28/02/2022 16:26,-50.12222188,27.51151333,1499.090404,open,3.631266173,6.879863793,voice,outgoing
2022-02-29 12:08:52,-64.9232284,21.67490407,1392.02341,home,3.154048474,8.316067162,voice,incoming
01/03/2022 16:00,-94.94876369,17.02650197,1330.732825,suburban,4.272765556,6.132406355,voice,incoming
02/03/2022 22:02,-82.37403011,17.43435246,858.5156214,urban,9.163807687,1.464617825,voice,outgoing
03/03/2022 16:47,-93.2590844,19.42445308,1265.526336,urban,8.011576047,0.325292601,voice,incoming
04/03/2022 12:33,-93.42433129,28.83482859,1783.458709,home,2.912284789,8.175105353,data,outgoing
05/03/2022 20:08,-109.7315546,13.17123724,1715.746914,open,2.83295434,6.06114522,data,outgoing
06/03/2022 12:42,-75.59226621,19.88634934,1018.364212,suburban,2.046621421,8.657198989,voice,incoming
07/03/2022 23:37,-113.3617621,14.38414601,39.37634182,open,4.234296449,4.59131613,voice,outgoing
08/03/2022 13:09,-113.5370488,14.82186837,1780.411369,open,2.213747616,1.065880812,voice,incoming
09/03/2022 12:10,-84.61549225,24.77484837,28.59835652,home,1.691115866,5.756236396,voice,outgoing
10/03/2022 15:50,-74.16296896,26.94595264,434.1365745,home,8.262390966,0.364143617,voice,outgoing
11/03/2022 18:16,-109.0684749,19.09617847,1596.97507,urban,5.56370096,9.077619986,data,incoming
12/03/2022 11:32,-105.8296526,19.12032354,975.1843083,urban,12.93233924,0.786772815,data,outgoing
13/03/2022 18:29,-91.05034855,16.29464434,113.1330003,suburban,3.862018582,4.305262828,voice,incoming
14/03/2022 12:30,-95.46823955,28.47652806,66.52768083,urban,9.491893921,7.581600711,data,incoming
15/03/2022 15:51,-88.40640274,10.45132607,95.45819599,home,9.860899706,0.84745512,voice,incoming
16/03/2022 18:51,-76.48394348,22.93691933,213.4934505,suburban,4.904079852,2.842783114,voice,incoming
17/03/2022 16:11,-81.02358402,11.6758242,1790.052361,urban,6.816900923,0.889952709,voice,outgoing
18/03/2022 14:50,-77.16697108,16.12128993,767.8778427,urban,10.49106837,1.874675688,data,outgoing
19/03/2022 20:38,-99.89115638,26.94066479,165.8733942,open,4.129999837,8.408161336,voice,outgoing
20/03/2022 22:21,-85.35827247,24.73695904,1099.30174,open,4.033929754,1.31725178,voice,outgoing
21/03/2022 21:56,-92.07768435,17.85220881,1339.096676,urban,12.46576932,6.465281204,data,incoming
22/03/2022 17:15,-69.2345099,23.1031973,1136.769665,home,7.569116569,0.909791545,voice,outgoing
23/03/2022 12:45,-92.91190834,22.90357037,408.6918716,open,4.758147186,7.393529345,data,outgoing
24/03/2022 16:54,-83.75978377,28.33644411,539.0981653,urban,8.511059782,1.606197092,data,incoming
25/03/2022 16:05,-108.6480942,28.38281649,105.2965533,urban,11.57730507,0.887465745,voice,incoming
26/03/2022 15:55,-77.80726755,19.90044671,687.7369958,urban,5.540936648,6.07996638,data,outgoing
27/03/2022 12:31,-58.16277135,15.73797918,1111.956011,open,4.949703909,5.39320243,data,outgoing
28/03/2022 19:23,-97.18403676,17.02241649,1745.872756,urban,12.59502486,5.09114881,voice,incoming
29/03/2022 21:46,-85.54132547,18.81365147,1433.180225,suburban,7.32543925,3.37420436,voice,incoming
30/03/2022 9:56,-89.34266834,25.17871439,281.9946855,suburban,4.721515812,6.877614614,voice,incoming
31/03/2022 14:47,-104.2875414,11.02033722,700.7760937,open,1.850667262,2.890316693,voice,outgoing
01/04/2022 15:25,-79.76310147,14.89318493,141.6749407,home,4.190124241,8.69792131,data,incoming
02/04/2022 20:23,-94.19996011,29.32592317,1283.490974,home,0.328077157,7.514246025,voice,incoming
03/04/2022 19:27,-72.89265459,13.1703534,1179.044361,home,4.508209706,5.558156931,voice,incoming
04/04/2022 19:06,-66.97282181,15.58308831,906.1432113,home,2.173046928,2.632066321,data,incoming
05/04/2022 10:16,-77.60613955,26.51915027,327.5511833,suburban,4.005920481,8.101745745,data,outgoing
06/04/2022 14:43,-110.5487279,15.14763548,1503.636459,open,2.652198699,7.719386102,voice,outgoing
07/04/2022 17:08,-108.2545632,20.45165398,1761.584061,open,2.071428048,2.492434901,data,incoming
08/04/2022 16:01,-99.21838611,12.25473428,355.3015505,open,3.378450375,9.268362265,voice,outgoing
09/04/2022 22:47,-65.12440259,25.2026561,145.2803666,open,4.730200318,7.544520299,voice,incoming
